{"cameraMode":{"drawMode":0,"name":"Shaded","section":"Shading Mode"},"sceneLighting":true,"audioPlay":false,"sceneViewState":{"m_AlwaysRefresh":false,"showFog":true,"showSkybox":true,"showFlares":true,"showImageEffects":true,"showParticleSystems":true,"showVisualEffectGraphs":true,"m_FxEnabled":true},"in2DMode":false,"pivot":{"x":-1.0970138311386109,"y":6.318646430969238,"z":13.735939025878907},"rotation":{"x":-0.143808051943779,"y":0.006529492791742086,"z":-0.0009508681250736117,"w":-0.9895963072776794},"size":11.197038650512696,"orthographic":false}